검색어,제목,요약,링크,작성일
홍대 팝업스토어,서교동 포스 시스템 가격 비교 시 확인할 기준,"마포구 서교동 일대는 홍대입구역과 합정역, 상수역을 잇는 대표적인 상권으로, 카페와 주점, 음식점부터 공방, 팝업스토어에 이르기까지 다양한 업종의 매장이 밀집해 있습니다. 이러한 지역적 특성으로 인해... ",https://blog.naver.com/aalzxvm91381/224356352596,20260724
홍대 팝업스토어,합정 당인리 에서 찾은 러블리한 홍대 단독주택 │베이커리... ,"베이커리 카페,브런치 카페, 프랜차이즈,판매샵,굿즈샵, 팝업 스토어,공간대여,쇼룸, 파인 다이닝 등의 다양한 공간 으로 가능한 곳 입니다. 홍대 단독주택 상가 통임대 정보 매물 번호 S-20260724 면 적 132.72... ",https://blog.naver.com/qq123k/224356337628,20260724
홍대 팝업스토어,홍대 실내 데이트 추천! 전지적 독자 시점 팝업스토어 예약... ,"완전 김독자 팬이 되어버렸는데 이번에 팝업스토어와 콜라보 카페가 열린다해서 신나하는 중이예요. 홍대나 연남동에서 뜨거운 여름, 시원하고 색다른 실내 데이트 장소를 찾고 있다면 무조건 가세요. 바로... ",https://blog.naver.com/ghroh7/224356290345,20260724
홍대 팝업스토어,26/07/04 서울나들이 (DJMAX 팝업),건대에 있는 브이스퀘어에서 DJMAX 팝업스토어와 콜라보 카페를 진행한다 해서 잠깐 서울에... 홍대에 잠깐 들렸습니다. 아니 글쎄 애니메이트에서 마노사바 굿즈를 판다는데 어떻게 안 갈 수가 있겠습니까... ,https://blog.naver.com/saemaeul_1160/224356250576,20260724
홍대 팝업스토어,"단기 임대 상가의 명도 분쟁과 임대료 재협상 갈등, 해결의... ","최근 성수, 홍대, 강남 등 주요 상권을 중심으로 1~3개월 단위의 단기 임대(팝업스토어 등) 거래가 대폭 늘어나고 있습니다. 초기에는 짧은 기간을 조건으로 저렴하게 입점하거나 임대료를 정해 계약하지만, 해당... ",https://blog.naver.com/djshin2004/224356247496,20260724
홍대 팝업스토어,"[홍대cctv, 신논현cctv, 성수동cctv, 강남cctv] 리모델링 및... ","매장 분위기를 결정짓는 BGM, 앰프스피커(음향) 시스템 구축 카페, 뷰티샵, 의류 매장, 팝업스토어 등 업종을 불문하고 매장 내 흘러나오는 음악(BGM)은 브랜드의 첫인상을 결정짓는 핵심 요소입니다. 공간... ",https://blog.naver.com/kukjedhssss/224356232366,20260724
홍대 팝업스토어,11시 30분에 오겠습니다.,또봇팝업스토어 #또봇굿즈 #또봇할인 #또봇유출 #또봇팬아트 #또봇그림 #또봇X #또봇X프라모델 #또봇프라모델 #또봇프라 #영실업 #아카데미 #아카데미과학사 #또봇영실업 #영실업또봇 #아카데미또봇 #또봇X... ,https://blog.naver.com/toyrak/224356225953,20260724
홍대 팝업스토어,귀멸의 칼날 수원 팝업과 SMG STORE 후기 [AK 홍대 프로젝트-1],#귀멸의칼날수원팝업 #AK홍대프로젝트 #SMGSTORE #SMG스토어 #AK플라자수원 #수원역굿즈샵 #귀멸의칼날굿즈 #무한성편팝업 #수원애니굿즈 #서브컬처성지\ 읽어주셔서 감사합니다! 혹시 더 궁금한 점이... ,https://blog.naver.com/leaderpala/224354804388,20260724
홍대 팝업스토어,"캘린더] 홍대 애니, 게임 캐릭터 덕후를 위한 팝업스토어... ","주술회전 사멸회유 팝업스토어 위치: 서울 마포구 양화로 178-5 LC타워 별관 지하 2층, 팬베이스 홍대... #홍대팝업 #홍대팝업스토어 #7월팝업 #서울팝업 #홍대가볼만한곳 #주술회전팝업 #사멸회유팝업... ",https://blog.naver.com/minsuh0526/224348846687,20260724
홍대 팝업스토어,대만 여행 3박4일 일정 가볼만한곳 자유여행,시즌에 따라 다양한 팝업 스토어나 콜라보 행사도 진행 중입니다. 대만 3박4일 일정 - 2일차 DAY2... 저녁에 되면 활기를 띠는 곳이 시먼딩인데 우리나라 홍대와 비슷합니다. 길거리 공연이 열리고 최신 유행... ,https://blog.naver.com/danzzak78/224356149143,20260724
홍대 팝업스토어,"치이카와 스시 팝업스토어 굿즈 리스트 공개, 가격 및 라인업 정리","「치이카와 스시 팝업 스토어」의 MD 라인업이 공개됐습니다. 이번 팝업은 초밥 컨셉으로 꾸며진... 명탐정 코난 30주년 공식 전시회 「명탐정 코난전」, 서울 홍대 개최 확정 「네모바지 스폰지밥... ",https://blog.naver.com/kisswing0/224356097473,20260724
홍대 팝업스토어,"이모나리 vs 이모야킨지로 고구마켄피 비교, 원조인 줄 알았던... ",후쿠오카 고구마스틱 이모야킨지로 이모켄피 200g 1개 해외직구 스토어센터 naver.me 이모나리는 현재 고정된 매장은 없고 홍대 AK플라자 1층 팝업 행사장에 7월 30일까지 팝업을 한다고 합니다. 가까이 방문하시는... ,https://blog.naver.com/pay4bread/224356008754,20260724
홍대 팝업스토어,슬픔들이 구름이 되어 비를 때려 넣어 (26년 7월 11일 홍대),"js스토어! 2층 피규어층은 내 장르는 항상 품절이라고 적혀있따 찍을게 없어,, 1층 내려가 줍니다 식사중... 봤는뎅 홍대에서 팝업도 진행중이였당 사람 너무 많아서 지나갔움 그리고 이치방쿠지! 언제까지나... ",https://blog.naver.com/wotjr5207/224355999967,20260724
홍대 팝업스토어,[일상] AK플라자 홍대 7월 팝업ㅣ오마이걸X모모이.... ,귀멸의 칼날: 무한성편 팝업스토어 ~ 8.2. / AK플라자 홍대 4층 '귀멸의 칼날' 무한성편 팝업이 홍대에 열렸다. 수원에서 동시에 진행되는 역대 최대 규모라고 한다. 새틀라이트 플러스 AK플라자 홍대... ,https://blog.naver.com/parkcckr/224355998709,20260724
홍대 팝업스토어,대구놀거리 7월 더현대대구 팝업 도담도담 팝업스토어 솔직후기,"대구 더현대 팝업 ""도담도담"" 방문후기 안녕하세요 오늘은 인스타에서 핫하게 뜨는 홍대 유명 일본... 이번 도담도답 팝업스토어는 다른 소품샵 팝업과달리 지하에서 하는게아니고 9층에서 하더라구요 무려... ",https://blog.naver.com/mimiduu/224355977739,20260723
홍대 팝업스토어,홍대 AK플라자 에일리언스테이지 AaD 팝업 카페 혜택 특전... ,#에일리언스테이지 #에일리언스테이지팝업 #에이스테 #AaD팝업카페 #홍대AK플라자 #AK플라자홍대 #MARCHMONSTER #홍대팝업스토어 #홍대콜라보카페 #애니메이트홍대 #홍대가볼만한곳 #홍대데이트코스,https://blog.naver.com/vuswl57/224355971798,20260723
홍대 팝업스토어,"홍대 놀거리 ak몰 실시간 팝업스토어 9곳, 서울 실내 가볼만한곳",실시간으로 바뀐 홍대 AK몰 놀거리 팝업스토어 9곳 한번에 정리했어요. 비오는날이나 더운 날에도... 이모나리 7월 30일까지 일본 후쿠오카 명물 고구마스틱을 파는 디저트 홍대 팝업스토어였어요. 매장 앞에서... ,https://blog.naver.com/who_u_who/224355962615,20260723
홍대 팝업스토어,동규의 일상 이야기 :: 우리 이준이가 곧 걸을것같아요 :),함께 팝업스토어를 다녀왔다. 그 전에 홍대 연교에서 딤섬먹었는데 저 차오쇼우? 빨간 기름에 있는 저 딤섬 꼭 드세요 진짜 미이이이친 존맛탱 만두입니다. 카리나 보다 얼굴이 몇배나 더 큰 나.... 얼굴 축소 수술... ,https://blog.naver.com/ehdrb2922/224355945370,20260723
홍대 팝업스토어,"베이비메탈클럽 상수 홍대 팝업 | 신상, 리퍼브, 세일 실착리뷰... ",가져올게용 #베이비메탈클럽 #베메클 #베메클팝업 #베이비메탈클럽팝업 #베메클후기 #갸루 #홍대 #홍대팝업 #홍대쇼핑 #팝업스토어후기 #팝업스토어 #서울팝업 #팝업후기 #요즘핫플 #서울핫플 #홍대핫플... ,https://blog.naver.com/sy104020/224355913780,20260723
홍대 팝업스토어,좀비고 팝업 방문기 (+홍대 투어),"좀비고 팝업을 드디어 다녀왔는데 일단 오늘 수확물들: 1시쯤에 좀 이르게 도착해서 (4시 입장임)... 그리고 들린 JS스토어 JS는 가격이 일단 ㄱㅊ아서 홍대가면 무조건 들리는 편인데 죠죠가 품절이래서,..뭐가... ",https://blog.naver.com/juyeoneve/224355913645,20260723
홍대 팝업스토어,홍실퀘스트 팝업 서울 부산 일정 사전예약 굿즈 총정리 (+작가... ,홍실퀘스트 팝업 일정 이번 팝업스토어는 부산에서 먼저 진행된 후 서울 홍대에서 이어지는... 일정 2026년 8월 8일(토) 2026년 8월 9일(일)  장소 서울 홍대 팝업스토어 ⏰ 시간 13:00 ~ 17:00 사인회 예약은 별도로... ,https://blog.naver.com/juyeon922/224355907701,20260723
홍대 팝업스토어,귀멸의 칼날 무한성 편 팝업스토어-AK플라자 수원ㅣ재고... ,&amp; 출처: 검은시도 제작 주차요금 안내⬇️ 팝업스토어 프로모션&amp;MD 재고 현황 출처: 검은시도 제작 2026.07.07(화) ~ 08.02(일) 진행됩니다. -AK플라자 홍대&amp;수원 동시 오픈 진행 중입니다. -현재 사전 예약 미운영... ,https://blog.naver.com/yoojin7980/224355881706,20260723
홍대 팝업스토어,시골쥐의 서울 뚜벅이 여행｜홍대가볼만한곳 홍대말랑이... ,ㅎㅎㅎ  홍대 AK플라자 묘냥이와 멍구 팝업스토어 친구가 묘냥이랑 멍구 좋아해서 팝업 구경갔어요. 근데 인형이 생각보다 예쁘지 않고 털이 뭔가 펠트처럼 보였어요... 개인적인 취향은 존중하는데 더... ,https://blog.naver.com/sumiiletter/224355857328,20260723
홍대 팝업스토어,홍실퀘스트 팝업 굿즈 부산 서울 총정리｜일정·장소·사전예약... ,홍실퀘스트 팝업스토어 부산 서울 총정리｜일정·장소·사전예약·굿즈·사인회 정보 총정리... 부산 팝업이 먼저 시작되며 서울 팝업은 홍대 인근에서 진행됩니다. 홍실퀘스트 부산 서울 팝업 운영시간과... ,https://blog.naver.com/dlaldlfnek519/224355835180,20260723
홍대 팝업스토어,히카루가 죽은 여름 콜라보 카페 &amp; 팝업스토어 오픈!  한정... ,여러분… 드디어 “히카루가 죽은 여름” 콜라보 카페와 팝업스토어가 열립니다 신촌 MOAE:KU... 다음에 또 만나요~ 요시와라 대염상 홍대 팝업 정보 총정리 ⬇️ 귀멸의 칼날 전집중전 내돈내산 리뷰... ,https://blog.naver.com/jjh1871/224355802903,20260723
홍대 팝업스토어,전독시 팝업 한여름의 유람 일정 사전예약 방법 총정리,#전독시팝업사전예약 #전지적독자시점 #전독시 #전독시팝업 #한여름의유람 #전독시콜라보카페 #굿즈모먼트 #연남동팝업 #홍대팝업 #팝업스토어 #전독시굿즈 #김독자 #유중혁 #사전예약 #웹툰팝업 #레드아이스... ,https://blog.naver.com/sherrychin2/224355665741,20260723
홍대 팝업스토어,"2026 전국 핫한 팝업스토어 총정리 (성수/홍대/부산/대구)""",서울 - 홍대/용산/잠실 (애니 &amp; 서브컬처) 명탐정 코난 추리게임 팝업 기간: 2026.07.17 ~ 2026.08.30 장소... 성수동핫플 #홍대팝업스토어 #부산팝업스토어 #대구팝업스토어 #주말가볼만한곳 #데이트코스추천... ,https://blog.naver.com/shdbrain/224355713644,20260723
홍대 팝업스토어,창업 인테리어 27편 : [팝업스토어/쇼룸] 브랜드 아이덴티티를... ,"성수, 홍대, 대형 백화점에서 살아남는 팝업스토어의 공통점은 무엇일까요? 바로 입장하는 순간, 바깥의 현실 세계와는 완벽하게 차단된 '그 브랜드만의 또 다른 세계관'으로 고객을 빨아들인다는... ",https://blog.naver.com/amine0501/224354862218,20260723
홍대 팝업스토어,"프로미스나인 'Glow Me', 홍대에서 만나는 특별한 팝업","인기 걸그룹 '프로미스나인(fromis_9)'의 'Glow Me' 팝업스토어가 홍대에서 열립니다. 팬들을 위해 준비된 다양한 한정 굿즈와 특별한 공간으로, 오픈 전부터 많은 '플로버(flover)'의 관심을 모으고 있는... ",https://blog.naver.com/art-ceo/224355692853,20260723
홍대 팝업스토어,"더현대 대구 7월팝업 홍대“도담도담”잡화점/일본상점,몬치치... ",대구 더현대백화점 7월 팝업스토어 홍대에서 온 일본잡화점 도담도담 2026년 7월 15일(수)~7월 28일(화) 더현대 대구 9층 안녕하세요~진이퐁이에오 오늘은 더 현대대구 7월 팝업스토어 “도담도담”에... ,https://blog.naver.com/wklove46/224355655996,20260723
연남팝업스토어,석촌호수엔 사람 넘치는데 바로 옆 송리단길 공실률 17%…왜... ,"올해 1분기 기준으로 명동 5.0%, 뚝섬·성수 3.4%, 연남·동교 4.5%, 압구정 7.8%였는데 잠실·송파는 17.4%였다.... 외국인 관광객이 선호하는 팝업스토어, K뷰티·패션 체험 같은 콘텐츠도 부족하다. 반면 성수동은... ",https://blog.naver.com/icedaramjwi/224356271039,20260724
연남팝업스토어,시골쥐의 서울 뚜벅이 여행｜홍대가볼만한곳 홍대말랑이... ,"테일러커피 연남점 크림 커피, 필터 커피, 에이드 모두 다 맛있었던 서울 연남동 카페, 테일러 커피.... ㅎㅎㅎ  홍대 AK플라자 묘냥이와 멍구 팝업스토어 친구가 묘냥이랑 멍구 좋아해서 팝업 구경갔어요.... ",https://blog.naver.com/sumiiletter/224355857328,20260723
연남팝업스토어,허리업 두아,배불러요 퇴근길~ 팀 전체 농심 팝업 초대받아서 다녀왔어요 4처넌 내고 신라면 만들기 할수있는데... 좋아요 연남 느낌 좋은 카페 애플스토어 방문 색깔이 참 이쁘 네오 내가 이떄 이걸 삮다면 20만원을 벌었던... ,https://blog.naver.com/9m_h0/224355594471,20260723
연남팝업스토어,3학년 1학기 결산 / 번아웃인 줄 알았던 내가 중등도 우울증... ,홍콩데이 연남본점 시윤이랑 8년만의 데이트 ... ♡ 양꼬치에 마라 먹고 양즈간루 먹으러 갔어요 사고펄이랑 과일 너무 좋아해서 진짜 맛잇게 먹음 내가 공차 사고펄 망고밀크를 정말 좋아하는데 이것도 대충... ,https://blog.naver.com/one_reeler/224355514569,20260723
연남팝업스토어,전지적 독자 시점 팝업 연남동 굿즈모먼트 방문 정보,"운영 기간은 2026년 7월 31일부터 8월 17일까지이며, 장소는 연남동 굿즈모먼트다. 4층 팝업스토어는 사전 예약제로 안내됐으므로 예약 여부와 현장 입장 공지를 먼저 확인해야 한다. 전독시 팝업 한눈에 보기... ",https://blog.naver.com/fortune537/224355497665,20260723
연남팝업스토어,전독시 팝업 한여름의 유람 예약 방법 및 굿즈 리스트 총정리,"연남 팝업 200% 즐기는 방문 코스 팝업스토어만 보고 가기엔 연남동이라는 장소가 너무 아깝지 않나요? 먼저 굿즈모먼트에 도착해 예약 시간에 맞춰 입장한 뒤, 내부의 포토존에서 인생샷을 남겨보세요. 콜라보... ",https://blog.naver.com/issue_spoon/224355492270,20260723
연남팝업스토어,사람은 많은데 가게는 왜 문을 닫을까?,"같은 기간 명동은 5.0%, 뚝섬·성수는 3.4%, 연남·동교는 4.5%, 압구정은 7.8%였습니다. 서울 주요 상권과... 카페와 음식점 비중이 높아 다른 골목상권과 구별하기 어렵고, 외국인 관광객이 선호하는 팝업스토어와... ",https://blog.naver.com/hklandvalueup/224354282784,20260723
연남팝업스토어,전독시 팝업 사전예약 '광탈' 뒤.. 뜻밖의 2026년 대반전 근황은?,"'굿즈모먼트'부터 '연남 팝업'까지, 전독시 팝업의 역사와 현재 전독시 팝업스토어는 이전에도 굿즈모먼트나 강남 '카페 알베르'에서 성황리에 진행된 바 있어요. 팬들이라면 팝업이 열릴 때마다 참여하기 위해... ",https://blog.naver.com/aichajang/224355069012,20260723
연남팝업스토어,[부동산 뉴스] 송리단길 줄폐업 결국 무너졌다 ㅡ 한때 '핫플... ,"이는 같은 기간 명동 5.0% 성수(뚝섬·성수) 3.4% 연남·동교 4.5% 압구정 7.8% 보다 훨씬 높은 수준입니다.... 성수동은 K-뷰티, 패션 브랜드, 팝업스토어 등 차별화된 콘텐츠를 앞세워 외국인 관광객까지 끌어들이고... ",https://blog.naver.com/ktm_71/224354591687,20260723
연남팝업스토어,홍대 연남 맛집 후기... 오버워치 팝업스토어 | overwatch  x... ,더 많은 오버워치 팝업스토어를 기대하며 오늘의 포스팅을 마치겠습니다! 다음은 전산회계 2급 시험 후기로 찾아오겠습니다!! 그럼 안뇽 ~~ #홍대맛집 #연남맛집 #파스타 #연남토마 #오버워치 #키리코 #주노... ,https://blog.naver.com/kimsohee0611/224354432116,20260722
연남팝업스토어,성수 팝업 데이지크  폴리포켓 팝업 다녀왔어요! 제품 추천 성수... ,서울의 가장 핫한 동네는 아무래도 성수가 아닐까 싶어요 성수 7월 팝업스토어 소개해드릴게요 성수 데이지크 팝업 놀거리 폴리포켓 밀크라떼 홍대 연남도 많이 가지만 팝업스토어와 새로운 트렌드를 가장... ,https://blog.naver.com/032690h/224354052384,20260722
연남팝업스토어,전독시 팝업 예약 &amp; 카페 특전 총정리 (예매링크 有),연남동 굿즈모먼트에서 전지적 독자 시점 팝업 스토어와 콜라보 카페가 찾아온다는 반가운 소식이에요! 전독시 팝업 스토어 &amp; 콜라보 카페 ✔ 일정: 7월 31일(금) ~ 8월 17일(월) ✔ 장소: 연남 굿즈모먼트 1~4F... ,https://blog.naver.com/now_b612/224353276394,20260721
연남팝업스토어,"솔테라이브러리 니치향수, 성수 플래그십 스토어에서 고른 움틈... ",플래그십 스토어 성수점은 북촌과 연남에 이어 세 번째 매장이자 브랜드의 첫 플래그십 스토어인데요.... 성수동에 방문 예정이거나 팝업을 찾고 있다면 새로운 니치 향수를 고민하고 있다면 솔테라이브러리... ,https://blog.naver.com/freesiarae/224353277682,20260721
연남팝업스토어,고냉이 일상에 나를 살짝 끼운 5월 ⌒☆,유고냉 사랑해  #페넥서울숲 마침 페넥 서울숲 스토어 초대가 들어와서 총총  페넥 지갑 귀여워서 보고... 엄마가 끓인 수육과 아빠표 물김치 조합이면 진짜 무한대로 들어가요  #플롭연남 연남동에 이런 피자... ,https://blog.naver.com/hsangs2/224352925156,20260721
연남팝업스토어,"광복점 지하 푸드코트 맛집 추천: 항아리수제면가, 연남토마","롯데백화점 광복점 지하 푸드코트 맛집 추천: 항아리수제면가, 연남토마 롯데백화점 광복점 지하 푸드코트에는 맛집도 많고 수시로 팝업스토어도 열려서 구경하는 재미도 있다. 롯데백화점... ",https://blog.naver.com/dsartclub/224352815694,20260721
연남팝업스토어,아니 그니까요 굿즈가 먼저 제 손을 잡았다니까요 ?ˀ?ˀ?ˀ... ,"도착한 연남 ‘카츠스위스’ 일본풍의 가게인데, 외관부터 내부 그리고 음식까지 이케부의 킷사텐을... 귀멸의칼날 팝업스토어도 들렀어요  ! 5층부터1층까지 꼼꼼하게 구경했는데 한국 속 일본 같은... ",https://blog.naver.com/haikyu9/224352461423,20260720
연남팝업스토어,[수원 굿즈샵] 홍대/연남동에도 있는 인기 굿즈샵... ,"그래도 구경은 알차게 다녀왔습니다^^ 사람이 꽤 많더라고요.(귀칼 팝업스토어 옆에 있음) AK몰에 자리해서 그런가 연남점보다는 넓게 느껴졌고, 굿즈도 다양하게 준비돼 있는 것 같았습니다. 가챠기계도 있지만... ",https://blog.naver.com/merrytamon1004/224352387100,20260720
연남팝업스토어,용산아이파크몰 도파민스테이션 팝업스토어! 전국의 핫한... ,그 외에 미처 사진에 담지 못 했지만 다른 디저트 팝업 스토어 등도 있다. 박준우셰프와 콜라보 중인 라임의 상큼함을 느낄 수 있는 음료 브랜드 라이미. 연남에서 3시간만에 품절 되는 요즘 핫한 수플레... ,https://blog.naver.com/imei5151/224352252828,20260720
연남팝업스토어,"식품 | 대구점야구 봐도, 기차 타도 푸드 혜택 다 대구! 7/1... ","칼제비,팔선생,김성길솥밥,연남토마,샤브진,페이페이,스시아리,돈카츠렌,속초 코다리 냉면,멘쇼쿠... 팩토리스토어 / 유니클로 / 무인양품 3F 전기차 충전소 2F 전기차 충전소 / 에코클린 스팀 세차장... ",https://blog.naver.com/rogennam/224352193431,20260720
연남팝업스토어,식품 | 대구점 HAPPY BIRTHDAY 푸드 혜택 또 대구! 7/1(수)... ,26.07.01(수) - 26.07.31(금) 각 층 본매장 생일 행사 팔당 칼제비/페이페이/나드리/팔선생/연남토마... 팩토리스토어 / 유니클로 / 무인양품 3F 전기차 충전소 2F 전기차 충전소 / 에코클린 스팀 세차장... ,https://blog.naver.com/rogennam/224352167839,20260720
연남팝업스토어,츄플러스 천호 팝업 스토어,초코가 젤 맛도리라서 두개 주문 하나는 옥수수 맛있네 ㅎㅎ 요 ㅎㅎ #츄플러스연남 #연남츄러스 #츄러스맛집 #츄로스카페 입점 되어있을 때 드시는걸 강추 세개사면 12500원 원래는 개당 4500원 뚱뚱한 츄로스... ,https://blog.naver.com/jennie_2/224352152516,20260720
연남팝업스토어,팝업스토어  이야기,""" 뻥하고 튀어오르다 "" "" 깜짝 놀라게 하다 "" 팝업스토어(Pop-up Store)는 짧은 기간 운영되는 오프라인... 금자탑애드텍은 전국주요 백화점 및 서울 연남. 성수. 명동 및 부산. 대구. 광주등 주요거점에서 진행되고... ",https://blog.naver.com/kjtad22/224352087350,20260720
연남팝업스토어,[POP-UP] 솔테라이브러리 플래그십 스토어 성수점 오픈 후기... ,"연남, 북촌에 이어서 3번째로는 성수에 생겼는데요! 수 많은 성수동 팝업스토어가 열리는 그 곳에서 특별한 니치향수 브랜드 팝업이 열리는 곳. 성수 매장 안으로 들어가게 되면, 브랜드의 철학이 담긴... ",https://blog.naver.com/wish9292/224352006263,20260720
연남팝업스토어,"합정역 먹자골목 메인거리, 1층 무권리 상가를 선택할 때... ",의류·잡화 브랜드 쇼룸 및 팝업스토어: 합정 먹자골목과 솔내길을 찾는 2030 유동인구를 타깃으로 한... ☎ 010-****-**** 홍대세븐부동산 홍대세븐부동산은 홍대 합정 상수 망원 연남 신촌 등 마포구 일대상가... ,https://blog.naver.com/findgoodhouse/224351950079,20260720
연남팝업스토어,❤️ RedsBeer 모임 ❤️,미피스토어에서 산 구운 빵 키링 미피여요 만원임 그리고 한시님이 일본 갓다가 주신 간식들 맛잇엇슴 민티아는 아직 뜯지않음 아끼는중 그리고 현대백화점 나가노마켓 팝업가서 담곰이 가챠도 했고... ,https://blog.naver.com/lovekiller3526/224351077104,20260719
연남팝업스토어,"[서울 홍대] 맛집 디저트 팝업(니꾸킹버거, 우마이당고... ","[서울 홍대] 맛집 디저트 팝업스토어(캑티 가챠샵 연남점, 니꾸킹 버거, 우마이당고 연남 이치, 헤비스테이크 더 연남, 상하이마라꼬치 연트럴파크점, 버터베이커리, 동교어린이공원, 더카드룸, FC서울 X GS25... ",https://blog.naver.com/hands_worlds/224350658709,20260719
연남팝업스토어,성수 | 솔테라이브러리 성수 플래그쉽 스토어 니치향수 향추천... ,"외관 연남, 북촌에 이어 성수에도 솔테라이브러리가 생겼어요! 솔테라이브러리 성수 플래그쉽... 성수 핫플, 팝업스토어 투어 좋아하신다면, 향수 덕후, 향 덕후이시라면, 책과 뷰티 다 좋아하시는 분들이라면... ",https://blog.naver.com/dejoiee/224350486913,20260718
연남팝업스토어,인천 롯데백화점 팝업 디저트 7월 서울 3대 치즈케이크,매장형 팝업스토어라 멀리서도 눈에 잘 띄었습니다. 자차를 이용한다면 롯데 인천점 주차장을... 롯데백화점 인천점 팝업 치플레 • 주소 | 인천 미추홀구 연남로 35 롯데백화점 인천점 지하 1층 식품관... ,https://blog.naver.com/queen_goeun/224350450390,20260718
연남팝업스토어,사람 몰리는 홍대 메인 상권 분석｜홍대 빌딩 매매 비공개 매물... ,"현재 홍대는 쇼핑, 외식, 카페, 공연, 클럽, 팝업스토어, 캐릭터 및 굿즈 매장 등 다양한 소비 콘텐츠가... 홍대 중심 상권에서 시작된 문화와 소비는 연남동, 상수동, 합정동으로 이어졌고 이후 망원동까지 새로운... ",https://blog.naver.com/boktalk_24/224350366528,20260718
연남팝업스토어,"웹툰 덕후들 저격하는 굿즈스토어 연남동 ""굿즈모먼트""후기",국내 최초 웹툰 전문 대형 서브컬쳐 오프라인 스토어인 이곳은 총 4층으로 이루어져 있어요! 1층에는... 제가 갔던 날은 2층과 4층에서 미해결사건부 팝업도 진행하고 있었어요. 다들 연남 가실일 있으면... ,https://blog.naver.com/kimhada128/224350272720,20260718
